dataset,model,n_runs,test_accuracy_mean,test_accuracy_std,test_balanced_accuracy_mean,test_balanced_accuracy_std,test_roc_auc_mean,test_roc_auc_std,val_accuracy_mean,val_accuracy_std,val_balanced_accuracy_mean,val_balanced_accuracy_std,val_roc_auc_mean,val_roc_auc_std,train_seconds_mean,train_seconds_std,n_parameters_mean,n_parameters_std,n_sparse_connections_mean,n_sparse_connections_std
brca,PathNet,5,0.9215686274509804,0.01532815607785435,0.8828329297820824,0.02523761579865246,0.9545036319612592,0.018213077635706645,0.9267973856209151,0.01813651885687791,0.8902421307506053,0.03638498958533233,0.9341646489104118,0.0308476144225359,218.73786025100853,0.057526813926475864,70801138.0,0.0,73084.0,0.0
covid,PathNet,5,0.6975206611570248,0.03336632931931629,0.690598044853364,0.039686751577626994,0.7487349051178839,0.04207163646680949,0.687603305785124,0.01077554116562423,0.6669637722829214,0.006208901523870682,0.718372627947096,0.04227337069417503,65.77762748457026,1.5921288766551227,4666458.0,0.0,2559.0,0.0
