dataset,model,setting,seed,n_samples,n_input_features,class_0,class_1,maximum_step,hidden_layers,dropout,learning_rate,weight_decay,batch_size,max_epochs,final_epoch,best_val_accuracy_epoch,best_val_auc_epoch,train_seconds,n_parameters,n_sparse_connections,n_connection_layers,notebook_reference,train_loss,train_accuracy,train_balanced_accuracy,train_roc_auc,val_loss,val_accuracy,val_balanced_accuracy,val_roc_auc,test_loss,test_accuracy,test_balanced_accuracy,test_roc_auc
covid,PathNet,notebook_hyperparameters_external_test_split,14526,605,1174,236,369,2,none,0.1,0.001,0.0,16,200,200,79,77,66.04782137903385,4666458,2559,4,example_meta.ipynb,0.33374982035678363,0.9807162534435262,0.9791281626410044,0.9744439487604359,0.6244568079710007,0.6859504132231405,0.6656124209315699,0.7139160437032778,0.6275379508733749,0.6611570247933884,0.6569867740080506,0.7009775733179988
brca,PathNet,notebook_hyperparameters_external_test_split,2781,762,8857,175,587,2,none,0.1,0.001,0.0,16,100,100,59,80,218.82798401499167,70801138,73084,4,example_gene.ipynb,0.34612142731403484,0.9671052631578947,0.9452584452584453,0.9609822276488943,0.3675725728273392,0.9411764705882353,0.8814769975786925,0.9684019370460049,0.3938071697950363,0.9084967320261438,0.8502421307506054,0.9273607748184021
