feature_set_or_scope,model,architecture_or_setting,test_roc_auc_mean,test_roc_auc_std,test_balanced_accuracy_mean,test_balanced_accuracy_std,test_accuracy_mean,test_accuracy_std,train_seconds_mean,train_seconds_std,n_parameters_mean,n_runs,label_note
PathNet notebook graph-constrained input,PathNet,notebook hyperparameters,0.9545036319612592,0.0182130776357066,0.8828329297820824,0.0252376157986524,0.9215686274509804,0.0153281560778543,218.73786025100853,0.0575268139264758,70801138.0,5,5 seeds; follows example_gene.ipynb label coding
full notebook-retained features,MLP,mlp_128_64,0.9585103785103783,0.0236626130401937,0.8909157509157509,0.0385082763488085,0.9276315789473684,0.0167730905052394,1.05008498437237,,1142210.0,5,5 seeds; MLP/KAN benchmark labels; BRCA excludes Indeterminate
full notebook-retained features,KAN,kan_16_g3,0.9650305250305252,0.0199710417538149,0.932918192918193,0.0349711461323317,0.9460526315789471,0.018839238241153,1.898659529397264,,992208.0,5,5 seeds; MLP/KAN benchmark labels; BRCA excludes Indeterminate
selected target-associated features,MLP,mlp_256_128_64,0.952967032967033,0.023888351398916,0.8692063492063491,0.0409293560219275,0.9157894736842104,0.0234454337910598,1.64052153758239,,57666.0,5,5 seeds; MLP/KAN benchmark labels; BRCA excludes Indeterminate
selected target-associated features,KAN,kan_32_g3,0.9547252747252748,0.024436868427695,0.8514774114774115,0.0544396508657633,0.9131578947368422,0.0280667486943441,3.928715742030181,,14560.0,5,5 seeds; MLP/KAN benchmark labels; BRCA excludes Indeterminate
